"","max_words","bacht_size","epochs","accuracy"
"1",6000,32,1,0.788512885570526
"2",6000,32,2,0.804986655712128
"3",6000,32,3,0.799198567867279
"4",6000,32,4,0.797862887382507
"5",6000,32,5,0.797862887382507
"6",6000,32,6,0.803205728530884
"7",6000,32,7,0.797417640686035
"8",6000,32,8,0.799198567867279
"9",6000,32,9,0.793855726718903
"10",6000,32,10,0.789848625659943
"11",6000,64,1,0.78940337896347
"12",6000,64,2,0.791629552841187
"13",6000,64,3,0.792965292930603
"14",6000,64,4,0.790293872356415
"15",6000,64,5,0.792520046234131
"16",6000,64,6,0.792520046234131
"17",6000,64,7,0.795191466808319
"18",6000,64,8,0.785841524600983
"19",6000,64,9,0.783615291118622
"20",6000,64,10,0.782724857330322
